epoch,time,train/box_loss,train/cls_loss,train/dfl_loss,metrics/precision(B),metrics/recall(B),metrics/mAP50(B),metrics/mAP50-95(B),val/box_loss,val/cls_loss,val/dfl_loss,lr/pg0,lr/pg1,lr/pg2
1,18.977,1.5733,3.67654,1.24395,0.01143,0.32653,0.008,0.00393,1.13194,3.48782,1.06337,6e-05,6e-05,6e-05
2,24.7819,1.48622,3.40254,1.17933,0.01905,0.54422,0.02858,0.01738,1.23496,3.22564,0.98634,0.000138614,0.000138614,0.000138614
3,34.6174,1.47098,2.41241,1.04517,0.02,0.57143,0.14519,0.05311,1.45297,3.11924,1.03395,0.000215644,0.000215644,0.000215644
4,37.0345,1.34477,1.45213,1.00261,0.02,0.57143,0.32049,0.20484,1.44256,2.81843,1.01686,0.00029109,0.00029109,0.00029109
5,47.763,1.27109,1.55777,1.00669,0.02071,0.59184,0.45077,0.27177,1.53485,2.69616,1.0365,0.000364952,0.000364952,0.000364952
6,49.6933,1.27853,1.23402,0.98704,1,0.20096,0.38544,0.22119,1.57859,2.69185,1.03946,0.00043723,0.00043723,0.00043723
7,59.547,1.18335,1.08368,0.97225,0.05101,0.46913,0.40212,0.26904,1.45411,2.63655,0.97799,0.000507924,0.000507924,0.000507924
8,61.4497,1.1824,1.01083,0.97006,0.0231,0.65986,0.44824,0.24118,1.71465,2.6489,1.05003,0.000577034,0.000577034,0.000577034
9,70.8581,1.14234,0.99129,0.95702,0.02405,0.68707,0.47169,0.26455,1.66462,2.59367,1.03205,0.00064456,0.00064456,0.00064456
10,73.516,1.16216,0.94915,0.95542,0.0219,0.62585,0.46168,0.2493,1.8551,2.5917,1.1007,0.000710502,0.000710502,0.000710502
11,81.8094,1.25711,0.96995,0.9849,0.02262,0.64626,0.405,0.28575,1.30363,2.66666,0.93019,0.00077486,0.00077486,0.00077486
12,84.0189,1.15471,0.96949,0.96689,0.02619,0.7483,0.56502,0.33746,1.48786,2.44262,0.98268,0.000837634,0.000837634,0.000837634
13,94.4291,1.10784,0.89183,0.93806,0.95226,0.54274,0.59631,0.33215,1.54274,2.22172,0.98983,0.000898824,0.000898824,0.000898824
14,96.2328,1.07578,0.86359,0.94875,1,0.45317,0.56871,0.35902,1.36552,2.15748,0.94041,0.00095843,0.00095843,0.00095843
15,106.994,1.07718,0.84573,0.93825,0.96488,0.37375,0.53764,0.31584,1.65782,2.04281,1.00408,0.00101645,0.00101645,0.00101645
16,108.934,1.12291,0.81359,0.93217,0.96596,0.3861,0.52906,0.33504,1.54408,2.01059,0.97549,0.00107289,0.00107289,0.00107289
17,118.727,1.0843,0.82107,0.94493,0.92458,0.44218,0.50339,0.30083,1.58428,1.97086,0.98872,0.00112774,0.00112774,0.00112774
18,120.566,1.03886,0.76023,0.91249,0.99589,0.4898,0.57044,0.33184,1.6203,1.67376,0.99919,0.00118101,0.00118101,0.00118101
19,130.566,1.10872,0.77524,0.93009,0.97748,0.4898,0.5991,0.40421,1.2682,1.63977,0.9136,0.0012327,0.0012327,0.0012327
20,132.463,1.02277,0.74376,0.91964,1,0.49373,0.63151,0.40953,1.2708,1.57655,0.92052,0.0012828,0.0012828,0.0012828
21,141.209,0.98094,0.71168,0.90927,1,0.51469,0.71772,0.43365,1.40182,1.47805,0.94824,0.00133132,0.00133132,0.00133132
22,144.13,1.0083,0.734,0.92664,1,0.55299,0.81785,0.49834,1.30213,1.34208,0.91458,0.00137825,0.00137825,0.00137825
23,153.135,1.05409,0.72751,0.92097,0.98799,0.5595,0.85579,0.53409,1.19333,1.33113,0.89354,0.0014236,0.0014236,0.0014236
24,154.982,1.02761,0.70788,0.91788,0.98795,0.55772,0.86639,0.49408,1.44534,1.34084,0.96391,0.00146737,0.00146737,0.00146737
25,165.837,1.03193,0.71029,0.9059,0.98926,0.62662,0.90766,0.57841,1.20699,1.31995,0.90324,0.00150955,0.00150955,0.00150955
26,167.75,1.09616,0.72586,0.93898,0.93044,0.72794,0.93093,0.60589,1.18374,1.21028,0.8991,0.001505,0.001505,0.001505
27,177.827,0.99518,0.69294,0.90339,0.95493,0.72068,0.94336,0.63555,1.00627,1.10221,0.86563,0.0014852,0.0014852,0.0014852
28,179.911,0.96501,0.67889,0.90486,0.97464,0.78435,0.9577,0.63206,0.98899,0.97833,0.86825,0.0014654,0.0014654,0.0014654
29,190.464,1.05815,0.71833,0.9286,0.97486,0.89116,0.96313,0.56844,1.28662,0.86337,0.93769,0.0014456,0.0014456,0.0014456
30,192.296,1.15194,0.7149,0.94337,0.9224,0.88945,0.956,0.56659,1.19802,0.7835,0.91702,0.0014258,0.0014258,0.0014258
31,202.493,1.09947,0.73279,0.92961,0.92177,0.88174,0.95686,0.6005,1.00646,0.75541,0.87831,0.001406,0.001406,0.001406
32,204.768,1.02302,0.72074,0.91898,0.9609,0.86395,0.96225,0.60821,0.99848,0.78577,0.87531,0.0013862,0.0013862,0.0013862
33,213.165,1.12354,0.72759,0.93177,0.94096,0.86734,0.96552,0.62256,1.03127,0.8399,0.87595,0.0013664,0.0013664,0.0013664
34,216.021,0.99861,0.6897,0.90385,0.94404,0.87075,0.96109,0.6178,1.08446,0.85512,0.88965,0.0013466,0.0013466,0.0013466
35,225.803,0.92735,0.6572,0.9007,0.94796,0.87755,0.96479,0.65207,0.97866,0.83301,0.87861,0.0013268,0.0013268,0.0013268
36,227.929,1.00499,0.68054,0.90932,0.94926,0.89096,0.96449,0.66333,0.92011,0.74146,0.86787,0.001307,0.001307,0.001307
37,237.102,0.96103,0.65104,0.90434,0.96385,0.95238,0.97535,0.61335,1.07469,0.62466,0.89647,0.0012872,0.0012872,0.0012872
38,238.853,0.93061,0.65846,0.88436,0.9541,0.95238,0.97537,0.62361,1.03813,0.59776,0.88823,0.0012674,0.0012674,0.0012674
39,249.537,0.99033,0.65253,0.89659,0.92633,0.94097,0.96126,0.64252,0.88823,0.60456,0.86134,0.0012476,0.0012476,0.0012476
40,251.363,0.97014,0.65925,0.89721,0.92046,0.9447,0.95697,0.63453,0.94152,0.60315,0.87022,0.0012278,0.0012278,0.0012278
41,261.589,0.97957,0.62455,0.90474,0.93311,0.95918,0.9693,0.63661,0.95549,0.5811,0.87103,0.001208,0.001208,0.001208
42,263.557,0.91109,0.60512,0.88143,0.95597,0.92517,0.96985,0.61994,0.95751,0.60175,0.87473,0.0011882,0.0011882,0.0011882
43,272.332,0.88205,0.63027,0.87318,0.95392,0.92517,0.97004,0.62722,0.95635,0.59801,0.87458,0.0011684,0.0011684,0.0011684
44,275.282,0.88441,0.59562,0.8666,0.96431,0.91906,0.97083,0.63299,0.96735,0.59775,0.88048,0.0011486,0.0011486,0.0011486
45,283.819,0.9128,0.60786,0.88918,0.97155,0.92917,0.98481,0.6533,0.93159,0.56538,0.87781,0.0011288,0.0011288,0.0011288
46,285.719,0.89955,0.61471,0.88419,0.97766,0.95238,0.98961,0.64466,0.99733,0.55246,0.89444,0.001109,0.001109,0.001109
47,296.894,0.8888,0.60369,0.88672,0.95338,0.95238,0.98551,0.66249,0.93284,0.53881,0.87991,0.0010892,0.0010892,0.0010892
48,298.816,0.92104,0.60977,0.88179,0.98155,0.96599,0.99002,0.66302,0.93235,0.53861,0.87246,0.0010694,0.0010694,0.0010694
49,310.127,0.95587,0.61152,0.9045,0.97931,0.96617,0.98446,0.62198,1.1317,0.55849,0.91038,0.0010496,0.0010496,0.0010496
50,311.773,0.91875,0.61402,0.88996,0.97953,0.97644,0.99318,0.64036,1.07024,0.55907,0.89675,0.0010298,0.0010298,0.0010298
51,322.825,0.90286,0.6104,0.87111,0.96575,0.95909,0.98738,0.67016,0.90469,0.54124,0.86211,0.00101,0.00101,0.00101
52,324.952,0.96719,0.60513,0.89105,0.97221,0.95207,0.98484,0.66798,0.90851,0.53739,0.86645,0.0009902,0.0009902,0.0009902
53,335.376,0.88209,0.57476,0.87212,0.99295,0.95834,0.99107,0.6586,0.93483,0.52879,0.87427,0.0009704,0.0009704,0.0009704
54,337.387,0.86532,0.5681,0.88155,0.9821,0.95238,0.99123,0.68113,0.90518,0.52715,0.86871,0.0009506,0.0009506,0.0009506
55,347.125,0.90825,0.58114,0.88701,0.98789,0.95238,0.99242,0.67141,0.97379,0.5389,0.8792,0.0009308,0.0009308,0.0009308
56,349.072,0.91187,0.56611,0.87826,0.9902,0.95918,0.99274,0.67287,0.91687,0.53961,0.86411,0.000911,0.000911,0.000911
57,357.277,0.94012,0.57684,0.88578,0.98605,0.95918,0.99289,0.68233,0.85697,0.54152,0.85538,0.0008912,0.0008912,0.0008912
58,360.127,0.92078,0.57362,0.89087,0.99204,0.97959,0.99371,0.67109,0.86084,0.52812,0.85587,0.0008714,0.0008714,0.0008714
59,368.746,0.86329,0.5675,0.86218,0.9825,0.97279,0.98452,0.64082,0.95001,0.51405,0.87017,0.0008516,0.0008516,0.0008516
60,370.684,0.87704,0.55093,0.87025,0.97969,0.9844,0.99404,0.62998,1.05975,0.52049,0.89511,0.0008318,0.0008318,0.0008318
61,381.765,0.865,0.55453,0.87248,0.98631,0.98016,0.99452,0.65214,1.00712,0.50898,0.88806,0.000812,0.000812,0.000812
62,383.828,0.88008,0.56657,0.87689,0.99657,0.97279,0.99447,0.66497,1.00187,0.50526,0.88725,0.0007922,0.0007922,0.0007922
63,394.424,0.8645,0.55964,0.87265,0.99591,0.97279,0.9944,0.68688,0.90503,0.4881,0.86696,0.0007724,0.0007724,0.0007724
64,396.367,0.85272,0.55755,0.8758,1,0.9793,0.99466,0.67944,0.92773,0.48937,0.87188,0.0007526,0.0007526,0.0007526
65,406.81,0.8584,0.55227,0.88118,0.99817,0.97959,0.99466,0.70239,0.86718,0.48479,0.86003,0.0007328,0.0007328,0.0007328
66,408.997,0.8895,0.58677,0.87036,1,0.97836,0.99453,0.6949,0.84619,0.48373,0.85583,0.000713,0.000713,0.000713
67,419.239,0.8598,0.53878,0.87474,0.97709,0.97279,0.9934,0.70085,0.81781,0.4864,0.85162,0.0006932,0.0006932,0.0006932
68,421.276,0.85316,0.55212,0.86419,0.97676,0.96599,0.99227,0.69645,0.83233,0.48552,0.85335,0.0006734,0.0006734,0.0006734
69,429.81,0.83098,0.52468,0.86137,0.95904,0.95918,0.98073,0.69938,0.83972,0.48229,0.85252,0.0006536,0.0006536,0.0006536
70,432.81,0.81267,0.51664,0.86392,0.97904,0.95325,0.98217,0.69372,0.85931,0.4817,0.85638,0.0006338,0.0006338,0.0006338
71,441.957,0.86791,0.5379,0.87209,0.98119,0.95238,0.98217,0.69359,0.84635,0.48533,0.85662,0.000614,0.000614,0.000614
72,444.733,0.85153,0.51617,0.86029,0.9789,0.94673,0.98001,0.68364,0.82825,0.48472,0.8565,0.0005942,0.0005942,0.0005942
73,453.86,0.81448,0.52362,0.87076,0.99292,0.95404,0.98048,0.68555,0.81598,0.48064,0.85652,0.0005744,0.0005744,0.0005744
74,455.727,0.82239,0.51673,0.85143,1,0.9703,0.99447,0.69916,0.81716,0.47737,0.85478,0.0005546,0.0005546,0.0005546
75,465.484,0.85103,0.54735,0.86204,0.99476,0.98639,0.99493,0.6891,0.86733,0.47257,0.8635,0.0005348,0.0005348,0.0005348
76,467.369,0.82392,0.51466,0.85728,0.99518,0.98639,0.99486,0.69144,0.88217,0.47143,0.86251,0.000515,0.000515,0.000515
77,477.119,0.84124,0.54898,0.86168,0.97955,0.97751,0.9848,0.69888,0.82684,0.46228,0.85138,0.0004952,0.0004952,0.0004952
78,479.415,0.79424,0.51466,0.86958,0.99305,0.97223,0.9942,0.71892,0.79132,0.46191,0.84679,0.0004754,0.0004754,0.0004754
79,487.913,0.75098,0.49183,0.85433,0.98547,0.96599,0.98385,0.69983,0.82219,0.46774,0.85226,0.0004556,0.0004556,0.0004556
80,491.246,0.85971,0.51208,0.85762,0.99303,0.96948,0.99377,0.69605,0.84565,0.4687,0.85578,0.0004358,0.0004358,0.0004358
81,498.679,0.8615,0.52281,0.85293,1,0.98275,0.99461,0.69874,0.84771,0.45712,0.8551,0.000416,0.000416,0.000416
82,501.852,0.85312,0.51248,0.87166,0.98815,0.98639,0.9948,0.68133,0.87953,0.46525,0.85899,0.0003962,0.0003962,0.0003962
83,510.078,0.77673,0.49418,0.85737,0.99317,0.98968,0.99486,0.66321,0.94584,0.47535,0.86993,0.0003764,0.0003764,0.0003764
84,512.211,0.81465,0.50328,0.85949,1,0.98442,0.99493,0.66728,0.95468,0.47205,0.87302,0.0003566,0.0003566,0.0003566
85,522.605,0.84239,0.52185,0.88571,1,0.97921,0.99486,0.69532,0.89513,0.46669,0.86461,0.0003368,0.0003368,0.0003368
86,524.54,0.79541,0.52333,0.86947,1,0.97858,0.9948,0.70499,0.853,0.45526,0.85864,0.000317,0.000317,0.000317
87,534.208,0.83802,0.50131,0.87069,0.99307,0.97478,0.9946,0.70888,0.83252,0.44798,0.85453,0.0002972,0.0002972,0.0002972
88,536.767,0.82655,0.51594,0.89102,0.98088,0.9932,0.99486,0.69751,0.8697,0.45369,0.86011,0.0002774,0.0002774,0.0002774
89,546.366,0.77131,0.48708,0.85837,0.97905,0.9932,0.99486,0.68214,0.92705,0.45967,0.86955,0.0002576,0.0002576,0.0002576
90,549.592,0.82558,0.50377,0.85775,0.99917,0.9932,0.995,0.68123,0.94471,0.46281,0.87164,0.0002378,0.0002378,0.0002378
91,593.998,0.78839,0.54492,0.84502,0.99318,0.99101,0.99486,0.68746,0.89368,0.45758,0.86236,0.000218,0.000218,0.000218
92,609.178,0.76224,0.49399,0.85676,0.98453,0.98639,0.99466,0.70401,0.85343,0.45284,0.85458,0.0001982,0.0001982,0.0001982
93,619.596,0.77787,0.51019,0.83076,0.97989,0.98639,0.99466,0.72131,0.81263,0.45183,0.84777,0.0001784,0.0001784,0.0001784
94,623.337,0.77955,0.49078,0.84489,0.98622,0.97408,0.99446,0.72904,0.79592,0.45168,0.84433,0.0001586,0.0001586,0.0001586
95,626.943,0.72284,0.46519,0.82853,0.99572,0.97279,0.9944,0.72601,0.7993,0.45443,0.84433,0.0001388,0.0001388,0.0001388
96,630.186,0.73054,0.47941,0.82547,1,0.97689,0.99466,0.7126,0.81403,0.45155,0.84711,0.000119,0.000119,0.000119
97,632.735,0.77528,0.49903,0.82725,0.99469,0.97279,0.99486,0.71304,0.81294,0.44976,0.84736,9.92e-05,9.92e-05,9.92e-05
98,635.181,0.75639,0.46664,0.84193,0.99309,0.97839,0.99486,0.71441,0.81115,0.44741,0.84738,7.94e-05,7.94e-05,7.94e-05
99,637.608,0.75024,0.47678,0.8204,0.99315,0.9865,0.99486,0.7174,0.8061,0.44622,0.84717,5.96e-05,5.96e-05,5.96e-05
100,640.257,0.75332,0.46996,0.83417,0.99148,0.9932,0.99486,0.71776,0.79749,0.44328,0.84667,3.98e-05,3.98e-05,3.98e-05
